sol,planetocentric_latitude,longitude,elevation
0,-4.589466996,137.441632997,-4501.04
0,-4.589466996,137.441632997,-4501.04
0,-4.589466996,137.441632997,-4501.04
0,-4.589466996,137.441632997,-4501.04
0,-4.589466996,137.441632997,-4501.04
13,-4.589466996,137.441632997,-4501.04
5,-4.589466996,137.441632997,-4501.04
12,-4.589466996,137.441632997,-4501.04
12,-4.589466996,137.441632997,-4501.04
15,-4.589466996,137.441632997,-4501.04
15,-4.589466996,137.441632997,-4501.04
15,-4.589466996,137.441632997,-4501.04
15,-4.589466996,137.441632997,-4501.04
15,-4.589466996,137.441632997,-4501.04
15,-4.589466996,137.441632997,-4501.04
15,-4.589466996,137.441632997,-4501.04
15,-4.589466996,137.441632997,-4501.04
15,-4.589466996,137.441632997,-4501.04
15,-4.589466996,137.441632997,-4501.04
16,-4.589472074,137.441647168,-4501.071
16,-4.589472074,137.441647168,-4501.071
16,-4.589493294,137.441703373,-4501.094
16,-4.589493294,137.441703373,-4501.094
16,-4.589493294,137.441703373,-4501.094
16,-4.589465001,137.441734,-4501.21
21,-4.589465001,137.441734,-4501.21
21,-4.58940083,137.441685971,-4501.48
21,-4.58940083,137.441685971,-4501.48
21,-4.58940083,137.441685971,-4501.48
22,-4.589345642,137.441699705,-4501.746
22,-4.589345642,137.441699705,-4501.746
22,-4.589348135,137.441707878,-4501.783
22,-4.589350627,137.441716064,-4501.81
22,-4.589353147,137.44172425,-4501.823
22,-4.589355716,137.44173242,-4501.839
22,-4.589358339,137.441740567,-4501.862
22,-4.589360842,137.441748751,-4501.885
22,-4.589363088,137.441757005,-4501.914
22,-4.589365526,137.441765197,-4501.95
22,-4.589368109,137.441773348,-4501.982
22,-4.58937066,137.441781509,-4502.016
22,-4.58937327,137.44178965,-4502.05
22,-4.589375705,137.44179784,-4502.086
22,-4.589377925,137.441806093,-4502.123
22,-4.589380168,137.441814346,-4502.153
22,-4.589382544,137.44182257,-4502.175
22,-4.58938508,137.441830748,-4502.194
22,-4.589387625,137.441838924,-4502.214
22,-4.589390159,137.441847098,-4502.239
22,-4.589392679,137.441855277,-4502.263
22,-4.589395226,137.441863448,-4502.287
22,-4.589397582,137.441871674,-4502.312
22,-4.589399775,137.441879943,-4502.341
22,-4.589403124,137.441892534,-4502.38
22,-4.589403124,137.441892534,-4502.38
22,-4.589403124,137.441892534,-4502.38
24,-4.589403124,137.441892534,-4502.38
24,-4.589403124,137.441892534,-4502.38
24,-4.589403124,137.441892534,-4502.38
24,-4.589400414,137.441900368,-4502.421
24,-4.589395044,137.441916062,-4502.498
24,-4.589386852,137.441939578,-4502.595
24,-4.589378779,137.441963147,-4502.681
24,-4.589370908,137.441986793,-4502.758
24,-4.589360747,137.442018402,-4502.887
24,-4.589350458,137.442049998,-4502.988
24,-4.589339511,137.442081411,-4503.027
24,-4.589343396,137.442113228,-4502.944
24,-4.589343396,137.442113228,-4502.944
24,-4.589343396,137.442113228,-4502.944
24,-4.589343396,137.442113228,-4502.944
24,-4.589397904,137.442142886,-4502.602
24,-4.589446954,137.442181325,-4502.6
24,-4.589446954,137.442181325,-4502.6
24,-4.589446954,137.442181325,-4502.6
26,-4.589470293,137.442203389,-4502.652
26,-4.589470293,137.442203389,-4502.652
26,-4.589470293,137.442203389,-4502.652
26,-4.589477857,137.44220657,-4502.654
26,-4.589485442,137.442209698,-4502.662
26,-4.589500599,137.442215988,-4502.674
26,-4.589515743,137.442222311,-4502.681
26,-4.589500591,137.442216006,-4502.674
26,-4.589500591,137.442216006,-4502.674
26,-4.589500591,137.442216006,-4502.674
26,-4.589500591,137.442216006,-4502.674
26,-4.589500591,137.442216006,-4502.674
26,-4.589507545,137.44222036,-4502.681
26,-4.589514516,137.442224687,-4502.69
26,-4.589528396,137.442233438,-4502.71
26,-4.589542296,137.442242155,-4502.733
26,-4.589528407,137.44223342,-4502.71
26,-4.589528407,137.44223342,-4502.71
26,-4.589528407,137.44223342,-4502.71
26,-4.589528407,137.44223342,-4502.71
26,-4.58958496,137.442292851,-4502.856
26,-4.58958496,137.442292851,-4502.856
26,-4.58958496,137.442292851,-4502.856
26,-4.589640638,137.442353088,-4503.015
26,-4.589695316,137.442414247,-4503.055
26,-4.589749343,137.442475987,-4503.03
26,-4.589749343,137.442475987,-4503.03
26,-4.589749343,137.442475987,-4503.03
29,-4.589749343,137.442475987,-4503.03
29,-4.589756022,137.442482363,-4503.04
29,-4.589762645,137.4424888,-4503.038
29,-4.589769344,137.442495154,-4503.026
29,-4.589776172,137.442501365,-4503.007
29,-4.589782953,137.442507628,-4502.988
29,-4.589789724,137.442513905,-4502.974
29,-4.589796471,137.442520211,-4502.968
29,-4.589803192,137.442526546,-4502.966
29,-4.589809906,137.442532888,-4502.962
29,-4.589816618,137.442539232,-4502.956
29,-4.58982336,137.442545543,-4502.955
29,-4.5898301,137.442551858,-4502.953
29,-4.58983681,137.442558203,-4502.952
29,-4.589843504,137.442564565,-4502.961
29,-4.589850131,137.442570989,-4502.981
29,-4.589856904,137.442577258,-4503.002
29,-4.589863859,137.442583324,-4503.023
29,-4.589870646,137.442589573,-4503.046
29,-4.589877432,137.442595829,-4503.066
29,-4.589884299,137.442601995,-4503.084
29,-4.589891007,137.442608337,-4503.102
29,-4.589897734,137.442614654,-4503.124
29,-4.589904509,137.442620923,-4503.143
29,-4.589911279,137.442627195,-4503.164
29,-4.589918002,137.442633521,-4503.181
29,-4.589924748,137.442639824,-4503.195
29,-4.589931475,137.442646147,-4503.211
29,-4.58993819,137.442652486,-4503.22
29,-4.589944919,137.442658812,-4503.226
29,-4.589951622,137.442665166,-4503.22
29,-4.589958448,137.442671387,-4503.222
29,-4.58996531,137.442677566,-4503.222
29,-4.589972044,137.442683886,-4503.232
29,-4.589978876,137.4426901,-4503.238
29,-4.589978876,137.4426901,-4503.238
29,-4.589984271,137.442697592,-4503.253
29,-4.589989674,137.442705079,-4503.268
29,-4.589995077,137.442712558,-4503.292
29,-4.590000417,137.442720084,-4503.316
29,-4.590005728,137.442727632,-4503.336
29,-4.590011015,137.442735202,-4503.347
29,-4.590016291,137.442742782,-4503.352
29,-4.590021519,137.442750394,-4503.361
29,-4.590026775,137.442757986,-4503.369
29,-4.590032036,137.442765577,-4503.376
29,-4.59003732,137.442773151,-4503.383
29,-4.590042586,137.442780738,-4503.386
29,-4.590047864,137.442788318,-4503.386
29,-4.59005312,137.442795911,-4503.383
29,-4.590058409,137.442803483,-4503.384
29,-4.590063639,137.442811095,-4503.389
29,-4.590068872,137.442818705,-4503.391
29,-4.590074157,137.442826279,-4503.391
29,-4.590079439,137.442833854,-4503.394
29,-4.590084711,137.442841437,-4503.401
29,-4.590089947,137.442849044,-4503.408
29,-4.590121256,137.442893839,-4503.53
29,-4.590121256,137.442893839,-4503.53
29,-4.590121256,137.442893839,-4503.53
29,-4.590121255,137.442893838,-4503.53
29,-4.590121255,137.442893838,-4503.53
29,-4.590121255,137.442893838,-4503.53
29,-4.590121255,137.442893838,-4503.53
38,-4.590121255,137.442893838,-4503.53
38,-4.590123767,137.442899984,-4503.553
38,-4.590126277,137.44290613,-4503.577
38,-4.590128746,137.442912297,-4503.597
38,-4.590131179,137.442918485,-4503.605
38,-4.590133604,137.442924677,-4503.608
38,-4.59013599,137.442930885,-4503.61
38,-4.590138346,137.442937105,-4503.613
38,-4.590140744,137.442943307,-4503.619
38,-4.590143134,137.442949513,-4503.626
38,-4.590145557,137.442955706,-4503.633
38,-4.590147952,137.442961909,-4503.638
38,-4.590150261,137.442968146,-4503.635
38,-4.590152689,137.442974338,-4503.634
38,-4.590155257,137.442980473,-4503.639
38,-4.590157856,137.442986591,-4503.651
38,-4.590160451,137.442992705,-4503.672
38,-4.590163023,137.44299882,-4503.7
38,-4.590165624,137.443004925,-4503.727
38,-4.590168174,137.443011044,-4503.758
38,-4.5901704,137.443016853,-4503.791
38,-4.59017267,137.443023197,-4503.829
38,-4.590175053,137.443029378,-4503.853
38,-4.590177506,137.443035553,-4503.869
38,-4.590179899,137.443041755,-4503.881
38,-4.590182284,137.443047962,-4503.892
38,-4.590184667,137.44305417,-4503.898
38,-4.590187055,137.443060374,-4503.91
38,-4.590189442,137.443066575,-4503.928
38,-4.590191839,137.443072766,-4503.951
38,-4.590194215,137.443078965,-4503.975
38,-4.59019671,137.443085116,-4504.0
38,-4.590199348,137.443091209,-4504.023
38,-4.59020198,137.443097312,-4504.037
38,-4.590204615,137.443103418,-4504.043
38,-4.590207135,137.443109568,-4504.055
38,-4.590209557,137.44311575,-4504.079
38,-4.590212043,137.443121902,-4504.105
38,-4.5902145,137.443128064,-4504.133
38,-4.59021686,137.443134269,-4504.158
38,-4.59021901,137.443140325,-4504.196
38,-4.59021901,137.443140325,-4504.196
38,-4.590220156,137.44314685,-4504.231
38,-4.590221266,137.443153381,-4504.266
38,-4.590222383,137.443159924,-4504.29
38,-4.590223568,137.443166461,-4504.308
38,-4.590224628,137.443173026,-4504.311
38,-4.590225441,137.443179626,-4504.308
38,-4.590226433,137.443186202,-4504.308
38,-4.59022746,137.443192772,-4504.311
38,-4.590228466,137.443199345,-4504.316
38,-4.59022952,137.443205904,-4504.334
38,-4.590230431,137.443212472,-4504.365
38,-4.59023134,137.443219028,-4504.404
38,-4.59023227,137.443225583,-4504.441
38,-4.590233109,137.443232168,-4504.465
38,-4.590233981,137.443238759,-4504.477
38,-4.590235022,137.443245325,-4504.487
38,-4.590236068,137.443251888,-4504.502
38,-4.59023712,137.443258445,-4504.524
38,-4.590238187,137.443265,-4504.546
38,-4.590239257,137.443271558,-4504.561
38,-4.590240215,137.443278133,-4504.579
38,-4.590241044,137.443284657,-4504.591
38,-4.5902435,137.443301601,-4504.62
38,-4.5902435,137.443301601,-4504.62
38,-4.5902435,137.443301601,-4504.62
38,-4.5902435,137.443301601,-4504.62
39,-4.5902435,137.443301601,-4504.62
39,-4.59027804,137.443373412,-4504.633
39,-4.59029327,137.443422935,-4504.639
39,-4.590299361,137.443457041,-4504.591
39,-4.590300707,137.443465034,-4504.585
39,-4.59032496,137.443592535,-4504.712
39,-4.590326524,137.443601054,-4504.718
39,-4.590326524,137.443601054,-4504.718
39,-4.590318489,137.443663256,-4504.7
39,-4.590318489,137.443663256,-4504.7
39,-4.590318489,137.443663256,-4504.7
40,-4.590318489,137.443663256,-4504.7
40,-4.59031475,137.443670225,-4504.711
40,-4.590310958,137.443677162,-4504.728
40,-4.590307129,137.44368408,-4504.742
40,-4.590303249,137.443690971,-4504.756
40,-4.590299367,137.443697861,-4504.769
40,-4.590295512,137.443704766,-4504.78
40,-4.590291677,137.443711683,-4504.791
40,-4.590287836,137.443718596,-4504.803
40,-4.590284037,137.443725532,-4504.816
40,-4.590280237,137.443732469,-4504.825
40,-4.590276423,137.443739399,-4504.829
40,-4.590272589,137.443746319,-4504.83
40,-4.59026874,137.44375323,-4504.827
40,-4.590264849,137.443760116,-4504.818
40,-4.590260935,137.443766989,-4504.809
40,-4.590257088,137.443773902,-4504.812
40,-4.590253189,137.443780785,-4504.812
40,-4.590249271,137.443787657,-4504.807
40,-4.590245333,137.443794513,-4504.791
40,-4.590241653,137.443800965,-4504.771
40,-4.590237987,137.443807232,-4504.754
40,-4.590234144,137.443814126,-4504.744
40,-4.590230325,137.443821053,-4504.742
40,-4.590226513,137.443827985,-4504.74
40,-4.590222725,137.44383493,-4504.736
40,-4.590219012,137.443841915,-4504.73
40,-4.590215322,137.443848912,-4504.729
40,-4.590211714,137.44385595,-4504.74
40,-4.590208041,137.443862946,-4504.762
40,-4.590204169,137.443869834,-4504.785
40,-4.590200206,137.443876671,-4504.806
40,-4.590196345,137.443883574,-4504.815
40,-4.590192666,137.443890578,-4504.814
40,-4.590189013,137.443897594,-4504.81
40,-4.590185336,137.443904599,-4504.809
40,-4.590181724,137.443911637,-4504.809
40,-4.590177998,137.443918614,-4504.812
40,-4.590174124,137.443925511,-4504.809
40,-4.590170177,137.443932366,-4504.802
40,-4.590166334,137.44393928,-4504.798
40,-4.590162872,137.443945874,-4504.808
40,-4.590159199,137.4439528,-4504.814
40,-4.59015552,137.443959774,-4504.837
40,-4.590151868,137.443966787,-4504.85
40,-4.5901482,137.443973796,-4504.856
40,-4.590144548,137.443980812,-4504.865
40,-4.590140748,137.443987744,-4504.881
40,-4.590136778,137.443994582,-4504.897
40,-4.590132974,137.444001516,-4504.908
40,-4.590129251,137.444008493,-4504.914
40,-4.590125335,137.444015367,-4504.913
40,-4.590121395,137.444022224,-4504.901
40,-4.59011746,137.444029076,-4504.878
40,-4.590113535,137.444035921,-4504.844
40,-4.590109615,137.444042769,-4504.811
40,-4.590105703,137.444049636,-4504.79
40,-4.590101822,137.444056523,-4504.774
40,-4.590097991,137.444063433,-4504.751
40,-4.59009417,137.444070348,-4504.726
40,-4.590090344,137.444077254,-4504.697
40,-4.590086503,137.444084155,-4504.67
40,-4.59008289,137.444090663,-4504.651
40,-4.590079143,137.44409741,-4504.634
40,-4.590075317,137.44410431,-4504.618
40,-4.590071492,137.444111229,-4504.601
40,-4.590067726,137.444118169,-4504.573
40,-4.590063947,137.444125102,-4504.545
40,-4.59006012,137.444132012,-4504.519
40,-4.590056311,137.444138937,-4504.498
40,-4.590052599,137.444145913,-4504.476
40,-4.59004896,137.444152935,-4504.464
40,-4.590036464,137.444177658,-4504.45
40,-4.590036464,137.444177658,-4504.45
40,-4.590036464,137.444177658,-4504.45
41,-4.590036464,137.444177658,-4504.45
41,-4.59003292,137.444185183,-4504.456
41,-4.590029412,137.444192724,-4504.462
41,-4.59002586,137.444200245,-4504.468
41,-4.590022309,137.444207766,-4504.475
41,-4.590018755,137.444215284,-4504.487
41,-4.590015179,137.44422279,-4504.503
41,-4.590011611,137.444230297,-4504.522
41,-4.590008038,137.444237801,-4504.542
41,-4.590004473,137.444245309,-4504.562
41,-4.59000091,137.444252813,-4504.588
41,-4.58999738,137.444260333,-4504.614
41,-4.589993861,137.444267864,-4504.631
41,-4.589990384,137.444275419,-4504.637
41,-4.589986946,137.444282993,-4504.634
41,-4.589983537,137.44429058,-4504.627
41,-4.589980049,137.444298131,-4504.625
41,-4.589976515,137.444305661,-4504.625
41,-4.589973006,137.444313203,-4504.627
41,-4.589969528,137.444320759,-4504.629
41,-4.589966301,137.444327873,-4504.627
41,-4.589962991,137.444335154,-4504.642
41,-4.589959601,137.444342729,-4504.652
41,-4.589956248,137.444350338,-4504.664
41,-4.589952725,137.444357872,-4504.668
41,-4.589949051,137.444365334,-4504.675
41,-4.589945382,137.444372797,-4504.684
41,-4.589941782,137.444380296,-4504.687
41,-4.589938282,137.444387842,-4504.689
41,-4.589934777,137.444395386,-4504.692
41,-4.589931237,137.444402912,-4504.699
41,-4.589927689,137.444410435,-4504.704
41,-4.589924127,137.444417952,-4504.709
41,-4.589920591,137.444425481,-4504.711
41,-4.589917127,137.444433044,-4504.709
41,-4.589913696,137.444440621,-4504.712
41,-4.589910275,137.444448203,-4504.714
41,-4.589906845,137.444455781,-4504.719
41,-4.589903418,137.444463359,-4504.726
41,-4.589900043,137.444470961,-4504.732
41,-4.589896522,137.444478496,-4504.734
41,-4.589893033,137.444485491,-4504.734
41,-4.58988937,137.444492711,-4504.74
41,-4.589885671,137.444500141,-4504.741
41,-4.589881985,137.444507597,-4504.745
41,-4.58987827,137.444515038,-4504.755
41,-4.589874581,137.444522488,-4504.772
41,-4.58987106,137.444530014,-4504.795
41,-4.589867541,137.444537545,-4504.812
41,-4.589864013,137.444545072,-4504.828
41,-4.589860495,137.444552605,-4504.842
41,-4.589846619,137.444580933,-4504.88
41,-4.589846619,137.444580933,-4504.88
41,-4.589846619,137.444580933,-4504.88
42,-4.589846619,137.444580933,-4504.88
42,-4.589847476,137.444589245,-4504.894
42,-4.589848314,137.444597557,-4504.912
42,-4.589849091,137.444605872,-4504.933
42,-4.589849842,137.44461419,-4504.954
42,-4.589850632,137.444622506,-4504.973
42,-4.589851389,137.444630825,-4504.993
42,-4.589852107,137.444639142,-4505.019
42,-4.589852858,137.444647455,-4505.047
42,-4.589853591,137.444655765,-4505.079
42,-4.589854294,137.444664075,-4505.113
42,-4.589854949,137.444672388,-4505.149
42,-4.589855746,137.444680684,-4505.187
42,-4.589856819,137.444688943,-4505.23
42,-4.589857747,137.444697221,-4505.271
42,-4.589858407,137.444705518,-4505.317
42,-4.589859211,137.444713806,-4505.361
42,-4.589860133,137.444722079,-4505.407
42,-4.589861002,137.444730356,-4505.454
42,-4.589861871,137.444738635,-4505.499
42,-4.589862735,137.444746409,-4505.54
42,-4.589863519,137.444754425,-4505.589
42,-4.589864499,137.444762666,-4505.639
42,-4.589865297,137.444770945,-4505.688
42,-4.58986599,137.444779222,-4505.744
42,-4.589866864,137.444787473,-4505.804
42,-4.589867764,137.444795735,-4505.858
42,-4.589868715,137.444804001,-4505.906
42,-4.589869534,137.444812283,-4505.952
42,-4.589870122,137.444820582,-4506.0
42,-4.58987067,137.444828881,-4506.05
42,-4.589871354,137.444837171,-4506.099
42,-4.589872266,137.444845438,-4506.149
42,-4.589872266,137.444845438,-4506.149
42,-4.589877561,137.444851863,-4506.194
42,-4.589882884,137.44485827,-4506.236
42,-4.589888207,137.444864694,-4506.268
42,-4.589893533,137.444871124,-4506.293
42,-4.589898893,137.44487753,-4506.312
42,-4.58990425,137.444883934,-4506.336
42,-4.589909607,137.444890336,-4506.363
42,-4.589914828,137.444896746,-4506.404
42,-4.589920131,137.444903168,-4506.433
42,-4.58992539,137.444909625,-4506.461
42,-4.58993067,137.444916096,-4506.484
42,-4.589935951,137.444922564,-4506.507
42,-4.589941214,137.444929043,-4506.534
42,-4.589946457,137.444935535,-4506.564
42,-4.589951752,137.444941975,-4506.6
42,-4.58995707,137.444948399,-4506.634
42,-4.589962357,137.444954852,-4506.666
42,-4.589967632,137.44496131,-4506.702
42,-4.589972897,137.444967768,-4506.741
42,-4.589978152,137.44497423,-4506.783
42,-4.589983381,137.444980722,-4506.821
42,-4.589988607,137.444987219,-4506.857
42,-4.589993989,137.444993597,-4506.886
42,-4.5899995,137.444999865,-4506.914
42,-4.590005029,137.445006116,-4506.942
42,-4.590010448,137.445012459,-4506.974
42,-4.59001576,137.445018894,-4507.004
42,-4.590020878,137.445024868,-4507.036
42,-4.590020878,137.445024868,-4507.036
42,-4.590041643,137.445050897,-4507.18
42,-4.590041643,137.445050897,-4507.18
42,-4.590041643,137.445050897,-4507.18
43,-4.590041643,137.445050897,-4507.18
43,-4.590048899,137.445055247,-4507.201
43,-4.590056185,137.445059551,-4507.22
43,-4.590063515,137.445063784,-4507.234
43,-4.590070866,137.445067982,-4507.248
43,-4.590078206,137.445072199,-4507.26
43,-4.590085518,137.44507646,-4507.276
43,-4.590092833,137.445080718,-4507.291
43,-4.590100139,137.445084992,-4507.307
43,-4.590107461,137.44508924,-4507.319
43,-4.590114786,137.445093481,-4507.333
43,-4.590122104,137.445097736,-4507.346
43,-4.590129454,137.445101935,-4507.359
43,-4.590136686,137.445106337,-4507.364
43,-4.590143889,137.445110785,-4507.374
43,-4.590151214,137.445115031,-4507.383
43,-4.590158524,137.445119302,-4507.391
43,-4.590165805,137.445123622,-4507.401
43,-4.590173063,137.445127981,-4507.409
43,-4.590180296,137.445132382,-4507.415
43,-4.590187093,137.445136512,-4507.42
43,-4.590193981,137.445140996,-4507.428
43,-4.590201231,137.445145331,-4507.439
43,-4.590208486,137.445149691,-4507.456
43,-4.590215736,137.445154059,-4507.47
43,-4.590223021,137.445158371,-4507.482
43,-4.590230313,137.445162673,-4507.491
43,-4.590237596,137.44516699,-4507.498
43,-4.590244876,137.445171316,-4507.501
43,-4.590252162,137.44517563,-4507.504
43,-4.590259431,137.44517997,-4507.513
43,-4.590266652,137.445184387,-4507.526
43,-4.590273862,137.445188823,-4507.537
43,-4.590281068,137.445193267,-4507.548
43,-4.590288267,137.445197724,-4507.555
43,-4.590295493,137.445202138,-4507.561
43,-4.59030275,137.4452065,-4507.567
43,-4.59031003,137.445210822,-4507.577
43,-4.590317338,137.445215094,-4507.589
43,-4.590324634,137.44521938,-4507.607
43,-4.590331912,137.445223694,-4507.628
43,-4.590338765,137.445227722,-4507.646
43,-4.590345614,137.445232166,-4507.663
43,-4.59035292,137.445236393,-4507.686
43,-4.590360235,137.445240636,-4507.712
43,-4.590367535,137.445244905,-4507.738
43,-4.590374825,137.445249192,-4507.764
43,-4.590382124,137.445253473,-4507.782
43,-4.590389402,137.445257796,-4507.795
43,-4.590396678,137.445262124,-4507.807
43,-4.590403957,137.445266445,-4507.819
43,-4.590411225,137.445270786,-4507.83
43,-4.590418499,137.445275118,-4507.839
43,-4.590425774,137.445279447,-4507.85
43,-4.590433037,137.445283798,-4507.857
43,-4.590440229,137.445288264,-4507.865
43,-4.590447294,137.445292929,-4507.873
43,-4.590454444,137.445297465,-4507.879
43,-4.590461709,137.44530181,-4507.893
43,-4.59047623,137.445310485,-4507.91
43,-4.59047623,137.445310485,-4507.91
43,-4.59047623,137.445310485,-4507.91
45,-4.590475803,137.445310786,-4507.906
45,-4.590475896,137.445310615,-4507.908
45,-4.590475875,137.445310568,-4507.91
45,-4.590475838,137.445310617,-4507.906
45,-4.590460344,137.445316783,-4507.93
45,-4.590443085,137.4453239,-4507.967
45,-4.590425192,137.445331066,-4508.013
45,-4.590424968,137.445331514,-4508.013
45,-4.590424755,137.445331681,-4508.006
45,-4.590424631,137.445331961,-4508.003
45,-4.590424388,137.445332251,-4508.007
45,-4.590424094,137.44533219,-4508.012
45,-4.590423986,137.445332128,-4508.019
45,-4.590433668,137.445345828,-4508.061
45,-4.590435065,137.445347685,-4508.06
45,-4.590435065,137.445347685,-4508.06
45,-4.590435065,137.445347685,-4508.06
48,-4.590425399,137.44533432,-4508.014
48,-4.590425178,137.445334198,-4508.012
48,-4.590424629,137.445334277,-4508.003
48,-4.590408519,137.445330472,-4508.012
48,-4.590407929,137.445330334,-4508.021
48,-4.590407682,137.445330589,-4508.029
48,-4.590407534,137.445331064,-4508.037
48,-4.59040718,137.445331838,-4508.031
48,-4.590407142,137.44533175,-4508.037
48,-4.590405857,137.445340196,-4508.078
48,-4.590404242,137.445348395,-4508.119
48,-4.590402925,137.44535683,-4508.164
48,-4.59040141,137.445364975,-4508.21
48,-4.590400029,137.445373401,-4508.254
48,-4.590398641,137.445382031,-4508.285
48,-4.590397285,137.445390474,-4508.319
48,-4.590395762,137.445398903,-4508.35
48,-4.590394404,137.445407348,-4508.381
48,-4.590392974,137.445415403,-4508.412
48,-4.590391573,137.445423842,-4508.443
48,-4.590389892,137.445432147,-4508.443
48,-4.590388536,137.445440604,-4508.459
48,-4.590387187,137.445449426,-4508.477
48,-4.590385924,137.445457901,-4508.488
48,-4.590384738,137.445465766,-4508.545
48,-4.590383516,137.445474231,-4508.578
48,-4.590382128,137.445482455,-4508.634
48,-4.590380773,137.44549086,-4508.692
48,-4.590379603,137.445498421,-4508.734
48,-4.590378261,137.445506813,-4508.8
48,-4.59037675,137.445515252,-4508.849
48,-4.59037539,137.44552368,-4508.893
48,-4.590373965,137.445532497,-4508.933
48,-4.590372496,137.445540924,-4508.964
48,-4.590371154,137.445549246,-4508.998
48,-4.590369783,137.445557677,-4509.04
48,-4.590368421,137.445566538,-4509.084
48,-4.590367179,137.445574997,-4509.118
48,-4.590365905,137.445583063,-4509.145
48,-4.590364478,137.445591494,-4509.179
48,-4.590362984,137.44560003,-4509.196
48,-4.590361911,137.445608528,-4509.212
48,-4.590360871,137.445616721,-4509.229
48,-4.590359586,137.445625189,-4509.245
48,-4.590357935,137.445633217,-4509.27
48,-4.590356601,137.445641674,-4509.293
48,-4.590355444,137.445649948,-4509.319
48,-4.590354333,137.445658438,-4509.341
48,-4.590353112,137.445666238,-4509.366
48,-4.590351616,137.445674667,-4509.389
48,-4.590350345,137.445682525,-4509.389
48,-4.590349249,137.445691021,-4509.403
48,-4.590348253,137.445699701,-4509.428
48,-4.590346872,137.445708157,-4509.439
48,-4.590345722,137.445715854,-4509.473
48,-4.590344295,137.445724285,-4509.507
48,-4.590343094,137.445732804,-4509.551
48,-4.590341944,137.445741272,-4509.589
48,-4.590340557,137.445749525,-4509.627
48,-4.590339202,137.445757963,-4509.665
48,-4.590337853,137.445766564,-4509.674
48,-4.590336461,137.445775013,-4509.695
48,-4.59033534,137.445783238,-4509.73
48,-4.59033398,137.445791685,-4509.759
48,-4.590332395,137.445799981,-4509.802
48,-4.590331075,137.445808425,-4509.841
48,-4.590329475,137.445816514,-4509.868
48,-4.590328055,137.445824946,-4509.902
48,-4.590326344,137.445833153,-4509.934
48,-4.59032512,137.445841625,-4509.96
48,-4.590323814,137.445849874,-4509.987
48,-4.590322601,137.445858343,-4510.017
48,-4.590321236,137.445866998,-4510.043
48,-4.590320065,137.445875478,-4510.068
48,-4.590319052,137.445882928,-4510.103
48,-4.590317771,137.445891385,-4510.134
48,-4.590316323,137.445900338,-4510.157
48,-4.590315016,137.445908802,-4510.176
48,-4.590313651,137.445916781,-4510.201
48,-4.590312458,137.445925259,-4510.225
48,-4.590311107,137.445933579,-4510.243
48,-4.590309894,137.445942056,-4510.263
48,-4.590308785,137.445949999,-4510.267
48,-4.59030754,137.445958475,-4510.281
48,-4.590306034,137.445967067,-4510.287
48,-4.5903047,137.445975532,-4510.296
48,-4.590303155,137.445983639,-4510.329
48,-4.590301838,137.445992098,-4510.352
48,-4.59030037,137.445999936,-4510.37
48,-4.59030037,137.445999936,-4510.37
48,-4.59030037,137.445999936,-4510.37
49,-4.59030037,137.445999936,-4510.37
49,-4.590300912,137.446032932,-4510.483
49,-4.590301398,137.446065868,-4510.646
49,-4.590301894,137.446098783,-4510.823
49,-4.590302044,137.446131795,-4510.921
49,-4.590302439,137.446164696,-4511.024
49,-4.590302434,137.446172958,-4511.063
49,-4.590303148,137.446205846,-4511.239
49,-4.59030397,137.446238754,-4511.415
49,-4.590304316,137.446271698,-4511.576
49,-4.590304045,137.446304652,-4511.714
49,-4.590303291,137.446337595,-4511.801
49,-4.590302972,137.446345777,-4511.824
49,-4.590302972,137.446345777,-4511.824
49,-4.590303401,137.446378782,-4511.928
49,-4.590303834,137.446411813,-4511.975
49,-4.590303316,137.44644486,-4512.001
49,-4.590302947,137.446477896,-4512.063
49,-4.590302947,137.446477896,-4512.063
49,-4.590305449,137.446506358,-4512.09
49,-4.590305449,137.446506358,-4512.09
49,-4.590305449,137.446506358,-4512.09
49,-4.590305449,137.446506358,-4512.09
50,-4.590305449,137.446506358,-4512.09
50,-4.590311261,137.446572663,-4512.259
50,-4.590307402,137.446622112,-4512.527
50,-4.59030533,137.446630056,-4512.554
50,-4.590298533,137.44666244,-4512.779
50,-4.59029227,137.44669487,-4513.042
50,-4.590285828,137.446727417,-4513.226
50,-4.590279976,137.446759955,-4513.474
50,-4.590274034,137.44679213,-4513.603
50,-4.590272524,137.446800198,-4513.629
50,-4.590266194,137.446832789,-4513.789
50,-4.590259421,137.446865271,-4513.971
50,-4.590252341,137.446897786,-4514.076
50,-4.590245216,137.446930255,-4514.219
50,-4.590237519,137.446962473,-4514.368
50,-4.590235561,137.446970066,-4514.384
50,-4.590235561,137.446970066,-4514.384
50,-4.590229463,137.447002654,-4514.575
50,-4.590223592,137.447035183,-4514.828
50,-4.59021742,137.447067832,-4514.98
50,-4.590211445,137.447100509,-4515.141
50,-4.590205078,137.447133035,-4515.228
50,-4.590203251,137.447140995,-4515.247
50,-4.590196375,137.447173559,-4515.33
50,-4.590190802,137.447206408,-4515.32
50,-4.590185355,137.447239245,-4515.418
50,-4.590179989,137.4472721,-4515.504
50,-4.590175747,137.447304472,-4515.61
50,-4.590175747,137.447304472,-4515.61
50,-4.590175747,137.447304472,-4515.61
52,-4.590164975,137.447317649,-4515.671
52,-4.590156937,137.447331149,-4515.734
52,-4.590150866,137.447346981,-4515.805
52,-4.590147799,137.447363737,-4515.87
52,-4.590147713,137.447363717,-4515.867
52,-4.590145059,137.447379318,-4515.889
52,-4.590142277,137.447395961,-4515.917
52,-4.590139689,137.447412513,-4515.938
52,-4.590136872,137.447429002,-4515.958
52,-4.590133996,137.44744394,-4515.961
52,-4.590131261,137.44746074,-4516.002
52,-4.590128137,137.44747691,-4516.057
52,-4.590125318,137.447493263,-4516.087
52,-4.590122167,137.447509309,-4516.107
52,-4.59011884,137.447525444,-4516.097
52,-4.590115582,137.447541581,-4516.104
52,-4.590112305,137.447557612,-4516.108
52,-4.590108753,137.447573312,-4516.116
52,-4.590105823,137.447589315,-4516.146
52,-4.590104075,137.447604222,-4516.138
52,-4.590101878,137.447620417,-4516.144
52,-4.590098614,137.447636606,-4516.176
52,-4.590095971,137.447652784,-4516.21
52,-4.590093758,137.447669634,-4516.258
52,-4.590091854,137.447686195,-4516.322
52,-4.590089467,137.447702597,-4516.373
52,-4.590086696,137.447718485,-4516.402
52,-4.590084894,137.447733905,-4516.401
52,-4.590083211,137.447749106,-4516.383
52,-4.590081311,137.44776584,-4516.401
52,-4.590079176,137.447781985,-4516.439
52,-4.590075888,137.44779779,-4516.47
52,-4.590073469,137.447814391,-4516.498
52,-4.59007148,137.447830504,-4516.53
52,-4.590069338,137.447846703,-4516.54
52,-4.590067169,137.447862898,-4516.554
52,-4.590064954,137.447879048,-4516.58
52,-4.590062533,137.447895099,-4516.597
52,-4.590061871,137.447900258,-4516.6
52,-4.590061871,137.447900258,-4516.6
52,-4.590061871,137.447900258,-4516.6
53,-4.590061587,137.44790005,-4516.588
53,-4.59006335,137.447918579,-4516.585
53,-4.59006506,137.447937079,-4516.556
53,-4.590065295,137.447940258,-4516.55
53,-4.590065295,137.447940258,-4516.55
53,-4.590065295,137.447940258,-4516.55
55,-4.590065295,137.447940258,-4516.55
55,-4.590073475,137.447953065,-4516.485
55,-4.590082664,137.447966306,-4516.41
55,-4.590093005,137.447979134,-4516.361
55,-4.590103425,137.447992365,-4516.327
55,-4.590113337,137.448005699,-4516.297
55,-4.590123039,137.448018795,-4516.316
55,-4.590130913,137.448034245,-4516.445
55,-4.590135423,137.448051185,-4516.589
55,-4.590139098,137.448067938,-4516.721
55,-4.590142514,137.448085173,-4516.866
55,-4.590146672,137.448103241,-4517.035
55,-4.590150783,137.448120437,-4517.173
55,-4.590151601,137.448137766,-4517.275
55,-4.590147507,137.448154353,-4517.383
55,-4.590142621,137.448171059,-4517.454
55,-4.590137723,137.448187819,-4517.559
55,-4.590133022,137.448203899,-4517.653
55,-4.590128644,137.44822138,-4517.742
55,-4.59012351,137.44823849,-4517.796
55,-4.590114652,137.448253515,-4517.78
55,-4.590103011,137.448264381,-4517.755
55,-4.590090465,137.448274594,-4517.763
55,-4.590077823,137.448285695,-4517.791
55,-4.590077744,137.44828571,-4517.797
55,-4.590062697,137.448296616,-4517.85
55,-4.590062697,137.448296616,-4517.85
55,-4.590062697,137.448296616,-4517.85
55,-4.590062697,137.448296616,-4517.85
55,-4.590062697,137.448296616,-4517.85
55,-4.590062697,137.448296616,-4517.85
